Job Title,Location,Duration
Guest Service Representative," Ko Samui, Thailand", Full-time
F&B Service Management Trainee," Bangkok, Thailand", Traineeship
Rooms Division Management Trainee," Krabi, Thailand", Internship
Recreation Intern," Phuket, Thailand", Internship
F&B Service Internship," Ko Samui, Thailand", Internship
Executive Chef üçî," London, United Kingdom", Full-time
Tourier - Croissant Baker," Newtown, PA, United States", Full-time
Waitress or Waiter," Mayfair, London, United Kingdom", Full-time
Sommelier," Mayfair, London, United Kingdom", Full-time
Junior Sous Chef," Mayfair, London, United Kingdom", Full-time
